INSERT INTO "public"."sprzedaz" ("sprzedaz_id", "klient_id", "pracownik_id") VALUES ('1', '22', '1'), ('2', '14', '6'), ('3', '6', '1'), ('4', '11', '7'), ('5', '11', '25'), ('6', '9', '25'), ('7', '14', '11'), ('8', '16', '16'), ('9', '2', '11'), ('10', '3', '25'), ('11', '2', '7'), ('12', '8', '7'), ('13', '20', '6'), ('14', '16', '22'), ('15', '7', '18'), ('16', '25', '11'), ('17', '20', '24'), ('18', '25', '21'), ('19', '10', '8'), ('20', '30', '16'), ('21', '30', '1'), ('22', '23', '7'), ('23', '23', '21'), ('24', '4', '24'), ('25', '28', '22'), ('26', '4', '25'), ('27', '26', '1'), ('28', '14', '29'), ('29', '17', '21'), ('30', '28', '14');

INSERT INTO "public"."produkt" ("produkt_id", "nazwa", "kategoria", "marka", "cena_netto", "ilosc_magazyn") VALUES ('1', 'Opona letnia 205/55 R16', 'Opony', 'Continental', '289.00', '75'), ('2', 'Filtr oleju silnikowego', 'Filtry', 'Bosch', '38.90', '31'), ('3', 'Opona zimowa 225/45 R17', 'Opony', 'Michelin', '512.00', '53'), ('4', 'Tarcza hamulcowa przednia', 'Hamulce', 'Brembo', '219.00', '134'), ('5', 'Alternator 120A', 'Elektryka', 'Bosch', '689.00', '188'), ('6', 'Opona całoroczna 195/65 R15', 'Opony', 'Goodyear', '342.00', '155'), ('7', 'Olej silnikowy 5W-30 5L', 'Oleje', 'Castrol', '179.00', '45'), ('8', 'Opona letnia 215/60 R16', 'Opony', 'Continental', '399.00', '44'), ('9', 'Filtr powietrza', 'Filtry', 'MANN', '49.90', '102'), ('10', 'Zacisk hamulcowy tylny', 'Hamulce', 'Brembo', '749.00', '159'), ('11', 'Olej silnikowy 5W-40 4L', 'Oleje', 'Mobil', '168.00', '142'), ('12', 'Klocki hamulcowe przednie', 'Hamulce', 'TRW', '129.00', '80'), ('13', 'Opona sportowa 245/40 R18', 'Opony', 'Pirelli', '689.00', '185'), ('14', 'Pompa hamulcowa', 'Hamulce', 'Bosch', '459.00', '79'), ('15', 'Zestaw klocków hamulcowych', 'Hamulce', 'ATE', '199.00', '102'), ('16', 'Olej przekładniowy 75W-90 1L', 'Oleje', 'Shell', '79.00', '98'), ('17', 'Filtr paliwa', 'Filtry', 'Bosch', '119.00', '176'), ('18', 'Olej silnikowy 10W-40 4L', 'Oleje', 'Total', '139.00', '48'), ('19', 'Akumulator 60Ah', 'Elektryka', 'Varta', '399.00', '102'), ('20', 'Olej silnikowy 0W-20 5L', 'Oleje', 'Mobil', '249.00', '19'), ('21', 'Filtr kabinowy z węglem', 'Filtry', 'Bosch', '89.00', '107'), ('22', 'Olej silnikowy 5W-30 1L', 'Oleje', 'Castrol', '49.00', '150'), ('23', 'Opona zimowa 195/65 R15', 'Opony', 'Dunlop', '379.00', '132'), ('24', 'Amortyzator przedni', 'Zawieszenie', 'Sachs', '329.00', '40'), ('25', 'Filtr oleju sportowy', 'Filtry', 'K&N', '159.00', '114'), ('26', 'Świeca zapłonowa irydowa', 'Elektryka', 'NGK', '79.00', '40'), ('27', 'Czujnik ABS', 'Elektryka', 'Bosch', '189.00', '17'), ('28', 'Tarcza hamulcowa wentylowana', 'Hamulce', 'Brembo', '349.00', '179'), ('29', 'Wahacz przedni', 'Zawieszenie', 'Lemförder', '459.00', '157'), ('30', 'Zestaw sprężyn zawieszenia', 'Zawieszenie', 'Eibach', '899.00', '7'), ('31', 'Czujnik ciśnienia TPMS', 'Elektryka', 'Bosch', '219.00', '60');

INSERT INTO "public"."pracownik" ("pracownik_id", "imie", "nazwisko", "stanowisko", "data_zatrudnienia", "telefon", "pensja") VALUES ('1', 'Jan', 'Malinowski', 'Sprzedawca', '2020-05-08', '+48676462265', '5440.00'), ('2', 'Aleksandra', 'Dąbek', 'Kierownik', '2019-02-23', '+48679778197', '11200.00'), ('3', 'Robert', 'Zieliński', 'Kierownik', '2020-03-21', '+48535132370', '8939.00'), ('4', 'Michał', 'Kaczor', 'Magazynier', '2023-03-18', '+48519473144', '5553.00'), ('5', 'Piotr', 'Sobczak', 'Magazynier', '2021-02-27', '+48526838513', '7323.00'), ('6', 'Łukasz', 'Król', 'Sprzedawca', '2020-11-02', '+48571189194', '4556.00'), ('7', 'Karolina', 'Borkowska', 'Sprzedawca', '2022-12-06', '+48565574598', '8654.00'), ('8', 'Paweł', 'Urban', 'Sprzedawca', '2020-06-16', '+48645818960', '5018.00'), ('9', 'Adam', 'Tomczyk', 'Magazynier', '2020-12-19', '+48502099999', '7548.00'), ('10', 'Natalia', 'Pawlik', 'Magazynier', '2018-08-01', '+48536048496', '8274.00'), ('11', 'Daniel', 'Piasecki', 'Sprzedawca', '2022-03-01', '+48648504841', '6426.00'), ('12', 'Monika', 'Leszczyńska', 'Kierownik', '2021-05-23', '+48556540466', '8500.00'), ('13', 'Artur', 'Chmielewski', 'Magazynier', '2021-07-22', '+48570862638', '3486.00'), ('14', 'Beata', 'Orłowska', 'Sprzedawca', '2023-01-29', '+48513636224', '5128.00'), ('15', 'Rafał', 'Majewski', 'Kierownik', '2022-08-26', '+48574270783', '10050.00'), ('16', 'Marcin', 'Wrona', 'Sprzedawca', '2022-04-29', '+48535116634', '8242.00'), ('17', 'Przemysław', 'Kołodziej', 'Magazynier', '2020-06-23', '+48648090585', '4057.00'), ('18', 'Kacper', 'Jaworski', 'Sprzedawca', '2018-08-18', '+48520198118', '5312.00'), ('19', 'Filip', 'Stępień', 'Sprzedawca', '2022-09-06', '+48599110661', '7617.00'), ('20', 'Izabela', 'Baran', 'Magazynier', '2018-09-19', '+48511228349', '6167.00'), ('21', 'Patryk', 'Gajda', 'Sprzedawca', '2023-01-15', '+48596048684', '7801.00'), ('22', 'Maciej', 'Rogowski', 'Sprzedawca', '2021-09-27', '+48527593452', '8642.00'), ('23', 'Łukasz', 'Kowalczyk', 'Kierownik', '2023-06-18', '+48666607554', '9560.00'), ('24', 'Oskar', 'Sikora', 'Sprzedawca', '2023-06-23', '+48547527133', '7710.00'), ('25', 'Damian', 'Lis', 'Sprzedawca', '2022-02-17', '+48589170356', '8364.00'), ('26', 'Weronika', 'Piekarska', 'Magazynier', '2022-07-19', '+48566616886', '8936.00'), ('27', 'Bartosz', 'Nowicki', 'Magazynier', '2018-08-10', '+48602687761', '6564.00'), ('28', 'Hubert', 'Marciniak', 'Sprzedawca', '2019-02-13', '+48623561709', '8916.00'), ('29', 'Grzegorz', 'Kalinowski', 'Sprzedawca', '2019-04-02', '+48506352373', '7432.00'), ('30', 'Sylwia', 'Kubiak', 'Magazynier', '2019-07-25', '+48518634991', '5767.00'), ('31', 'Arkadiusz', 'Maciejewski', 'Sprzedawca', '2020-06-01', '+48954093982', '8642.00');

INSERT INTO "public"."pozycja_sprzedazy" ("pozycja_sprzedazy_id", "sprzedaz_id", "produkt_id", "ilosc", "data") VALUES ('1', '4', '14', '6', '2024-01-12'), ('2', '29', '27', '8', '2024-06-06'), ('3', '14', '6', '9', '2024-02-28'), ('4', '9', '20', '9', '2024-01-10'), ('5', '15', '14', '10', '2023-12-20'), ('6', '11', '28', '4', '2024-01-05'), ('7', '9', '29', '8', '2024-02-07'), ('8', '25', '15', '10', '2024-09-16'), ('9', '22', '13', '6', '2023-12-18'), ('10', '16', '28', '6', '2024-01-16'), ('11', '16', '7', '6', '2024-03-22'), ('12', '11', '9', '10', '2024-02-10'), ('13', '18', '1', '9', '2024-01-15'), ('14', '3', '8', '7', '2024-05-15'), ('15', '18', '25', '4', '2024-05-02'), ('16', '21', '23', '8', '2024-04-03'), ('17', '26', '1', '2', '2023-12-29'), ('18', '8', '13', '4', '2024-01-10'), ('19', '22', '19', '6', '2024-04-29'), ('20', '18', '17', '6', '2024-03-11'), ('21', '24', '18', '6', '2023-12-27'), ('22', '23', '15', '5', '2024-02-10'), ('23', '9', '8', '2', '2024-01-17'), ('24', '11', '4', '9', '2024-01-09'), ('25', '7', '7', '8', '2024-02-11'), ('26', '24', '19', '9', '2024-09-03'), ('27', '10', '4', '4', '2024-01-31'), ('28', '8', '12', '3', '2024-02-06'), ('29', '1', '23', '9', '2024-01-10'), ('30', '9', '2', '1', '2024-07-20');

INSERT INTO "public"."pozycja_dostawy" ("pozycja_dostawy_id", "dostawa_id", "produkt_id", "ilosc", "cena_zakupu_netto") VALUES ('1', '1', '19', '40', '346.96'), ('2', '1', '12', '70', '112.17'), ('3', '1', '28', '100', '303.48'), ('4', '2', '18', '60', '120.87'), ('5', '2', '6', '120', '297.39'), ('6', '3', '14', '50', '399.13'), ('7', '3', '23', '60', '329.57'), ('8', '4', '15', '70', '173.04'), ('9', '5', '8', '50', '346.96'), ('10', '6', '17', '100', '103.48'), ('11', '7', '29', '60', '399.13'), ('12', '8', '9', '100', '43.39'), ('13', '9', '3', '30', '445.22'), ('14', '10', '1', '100', '251.30'), ('15', '11', '30', '25', '781.74'), ('16', '12', '13', '80', '599.13'), ('17', '13', '16', '80', '68.70'), ('18', '14', '24', '40', '286.09'), ('19', '15', '11', '60', '146.09'), ('20', '16', '8', '50', '346.96'), ('21', '17', '19', '40', '346.96'), ('22', '18', '7', '45', '155.65'), ('23', '19', '25', '50', '138.26'), ('24', '20', '4', '80', '190.43'), ('25', '21', '23', '60', '329.57'), ('26', '22', '28', '90', '303.48'), ('27', '23', '17', '90', '103.48'), ('28', '24', '10', '50', '651.30'), ('29', '25', '18', '80', '120.87'), ('30', '26', '2', '100', '33.83');

INSERT INTO "public"."klient" ("klient_id", "imie", "nazwisko", "telefon", "czy_firma", "nazwa_firmy", "nip", "adres") VALUES ('1', 'Krzysztof', 'Malinowski', '+48602884193', 'true', 'Auto-Tech Malinowski', '5210941837', 'ul. Mechaników 12, 01-234 Warszawa'), ('2', 'Ewa', 'Dąbrowska', '+48509771642', 'false', null, null, 'ul. Alternatorów 5, 02-110 Warszawa'), ('3', 'Piotr', 'Zieliński', '+48698340228', 'true', 'Zieliński Serwis Auto', '7832649015', 'ul. Warsztatowa 8, 03-450 Warszawa'), ('4', 'Monika', 'Kubiak', '+48511902774', 'false', null, null, 'ul. Tłokowa 21, 04-320 Warszawa'), ('5', 'Andrzej', 'Lewandowski', '+48604118556', 'true', 'Lewandowski Fleet Solutions', '9458172630', 'ul. Flotowa 3, 00-950 Warszawa'), ('6', 'Natalia', 'Sikora', '+48730445992', 'false', null, null, 'ul. Oponowa 14, 05-077 Warszawa'), ('7', 'Michał', 'Kamiński', '+48695221870', 'true', 'MK Auto Części', '6124095831', 'ul. Dyferencjału 6, 01-876 Warszawa'), ('8', 'Karolina', 'Borkowska', '+48512667381', 'false', null, null, 'ul. Gaźnikowa 19, 02-495 Warszawa'), ('9', 'Tomasz', 'Wróbel', '+48883904117', 'true', 'Wróbel Motoryzacja', '8341957206', 'ul. Silnikowa 2, 03-982 Warszawa'), ('10', 'Agnieszka', 'Pawlak', '+48603770488', 'false', null, null, 'ul. Amortyzatorów 9, 01-402 Warszawa'), ('11', 'Marcin', 'Piotrowski', '+48661234891', 'true', 'MP Serwis Samochodowy', '7462810935', 'ul. Diagnostyczna 4, 41-200 Sosnowiec'), ('12', 'Katarzyna', 'Jankowska', '+48508122944', 'false', null, null, 'ul. Skrzynkowa 7, 60-125 Poznań'), ('13', 'Łukasz', 'Król', '+48697321055', 'true', 'Król Auto Parts', '8320194761', 'ul. Magazynowa 11, 80-180 Gdańsk'), ('14', 'Paulina', 'Wilk', '+48577890123', 'false', null, null, 'ul. Zbieżności 15, 20-450 Lublin'), ('15', 'Rafał', 'Adamski', '+48601234567', 'true', 'Adamski Transport', '6892347012', 'ul. Logistyczna 9, 26-600 Radom'), ('16', 'Joanna', 'Czarnecka', '+48791234566', 'false', null, null, 'ul. Paliwowa 2, 70-789 Szczecin'), ('17', 'Damian', 'Szulc', '+48699887766', 'true', 'Szulc Auto Detailing', '9534871206', 'ul. Lakiernicza 18, 30-702 Kraków'), ('18', 'Magdalena', 'Kaczor', '+48500444321', 'false', null, null, 'ul. Rozrządu 10, 25-320 Kielce'), ('19', 'Robert', 'Ostrowski', '+48654123987', 'true', 'Ostrowski Flota', '7123098456', 'ul. Leasingowa 6, 90-312 Łódź'), ('20', 'Aleksandra', 'Baran', '+48566543210', 'false', null, null, 'ul. Hamulcowa 8, 15-950 Białystok'), ('21', 'Paweł', 'Górski', '+48670011223', 'true', 'Górski Serwis Tir', '8214569032', 'ul. Ciężarowa 22, 87-100 Toruń'), ('22', 'Weronika', 'Rutkowska', '+48509123455', 'false', null, null, 'ul. Wtryskowa 3, 10-450 Olsztyn'), ('23', 'Bartosz', 'Duda', '+48661110099', 'true', 'Duda Auto Handel', '6029347815', 'ul. Komisowa 1, 43-300 Bielsko-Biała'), ('24', 'Izabela', 'Maciejewska', '+48599887744', 'false', null, null, 'ul. Sprzęgłowa 6, 33-100 Tarnów'), ('25', 'Konrad', 'Kozłowski', '+48672223344', 'true', 'Kozłowski Mechanika', '4981203764', 'ul. Podnośnikowa 5, 65-120 Zielona Góra'), ('26', 'Martyna', 'Piekarska', '+48700123499', 'false', null, null, 'ul. Chłodnicy 14, 35-215 Rzeszów'), ('27', 'Sebastian', 'Lis', '+48654443322', 'true', 'Lis Auto Serwis', '9012345678', 'ul. Serwisowa 9, 58-300 Wałbrzych'), ('28', 'Patrycja', 'Sokołowska', '+48555666777', 'false', null, null, 'ul. Turbinowa 7, 42-200 Częstochowa'), ('29', 'Grzegorz', 'Maj', '+48690987654', 'true', 'Maj Fleet Care', '3456789012', 'ul. Mobilna 4, 32-500 Chrzanów'), ('30', 'Karol', 'Kalinowski', '+48660112233', 'false', null, null, 'ul. Wydechowa 16, 44-100 Gliwice'), ('31', 'Daniel', 'Urban', '+48681234512', 'true', 'Urban Auto Logistyka', '5647382910', 'ul. Transportowa 20, 55-040 Kobierzyce'), ('32', 'Anna', 'Leszczyńska', '+48509111888', 'false', null, null, 'ul. Filtrów 5, 87-800 Włocławek'), ('33', 'Mateusz', 'Kopeć', '+48674445566', 'true', 'Kopeć Auto Import', '9988776655', 'ul. Importowa 2, 38-200 Jasło'), ('34', 'Julia', 'Stepień', '+48566778899', 'false', null, null, 'ul. Pompowa 13, 41-800 Zabrze'), ('35', 'Przemysław', 'Tomczak', '+48668889900', 'true', 'Tomczak Części Samochodowe', '2233445566', 'ul. Hurtowa 8, 62-800 Kalisz'), ('36', 'Olga', 'Kaczmarek', '+48500998877', 'false', null, null, 'ul. Stacyjki 11, 64-920 Piła'), ('37', 'Artur', 'Milewski', '+48670099887', 'true', 'Milewski Auto Serwis', '7766554433', 'ul. Naprawcza 17, 09-400 Płock'), ('38', 'Natalia', 'Orłowska', '+48522113445', 'false', null, null, 'ul. Półosiowa 6, 14-200 Iława'), ('39', 'Maciej', 'Romanowski', '+48664433221', 'true', 'Romanowski Motoryzacja', '1100223344', 'ul. Dealerów 3, 21-040 Świdnik'), ('40', 'Emilia', 'Kania', '+48544112233', 'false', null, null, 'ul. Czujnikowa 19, 26-110 Skarżysko-Kamienna'), ('41', 'Łukasz', 'Jaworski', '+48665544332', 'true', 'Jaworski Auto Trade', '5566778899', 'ul. Handlowa 10, 63-400 Ostrów Wlkp.'), ('42', 'Beata', 'Pietrzak', '+48533221100', 'false', null, null, 'ul. Tuningowa 4, 91-800 Łódź'), ('43', 'Arkadiusz', 'Woźniak', '+48678889911', 'true', 'Woźniak Serwis Flot', '6677889900', 'ul. Flotowa 12, 11-500 Giżycko'), ('44', 'Paulina', 'Zawadzka', '+48599881234', 'false', null, null, 'ul. Klimatyzacji 9, 78-100 Kołobrzeg'), ('45', 'Mariusz', 'Kaczmarek', '+48660012345', 'true', 'Kaczmarek Auto Naprawa', '4433221100', 'ul. Napędowa 7, 62-030 Luboń'), ('46', 'Renata', 'Błaszczyk', '+48544123999', 'false', null, null, 'ul. Diagnostów 15, 98-300 Wieluń'), ('47', 'Patryk', 'Olszewski', '+48651234098', 'true', 'Olszewski Auto Części', '8899001122', 'ul. Hurtownicza 6, 18-400 Łomża'), ('48', 'Dorota', 'Wieczorek', '+48522119988', 'false', null, null, 'ul. Alternatora 2, 34-500 Zakopane'), ('49', 'Jarosław', 'Kubiak', '+48670998877', 'true', 'Kubiak Auto-Pro', '3344556677', 'ul. Profesjonalna 5, 61-700 Poznań'), ('50', 'Alicja', 'Mróz', '+48533445566', 'false', null, null, 'ul. Regeneracyjna 8, 59-300 Lubin');

INSERT INTO "public"."dostawca" ("dostawca_id", "nazwa_firmy", "telefon", "email", "nip", "adres") VALUES ('1', 'AutoParts Polska', '222333444', 'biuro@autoparts.pl', '1112223334', 'ul. Hurtowa 10, Warszawa'), ('2', 'InterMoto', '223334455', 'contact@intermoto.pl', '2223334445', 'ul. Przemysłowa 15, Katowice'), ('3', 'CarTech Distribution', '224445566', 'sales@cartech.pl', '3334445556', 'ul. Logistyczna 3, Gdańsk'), ('4', 'MotoHurt', '225556677', 'info@motohurt.pl', '4445556667', 'ul. Magazynowa 8, Wrocław'), ('5', 'AutoMax Sp. z o.o.', '226667788', 'handel@automax.pl', '5556667778', 'ul. Motoryzacyjna 21, Poznań'), ('6', 'SpeedParts', '227778899', 'office@speedparts.pl', '6667778889', 'ul. Szybka 4, Łódź'), ('7', 'EuroCar Supply', '228889900', 'contact@eurocarsupply.pl', '7778889990', 'ul. Europejska 9, Szczecin'), ('8', 'PolMoto Hurt', '229990011', 'biuro@polmotohurt.pl', '8889990001', 'ul. Krajowa 2, Bydgoszcz'), ('9', 'AutoLine', '230101112', 'sales@autoline.pl', '9990001112', 'ul. Liniowa 14, Lublin'), ('10', 'MotoExpert', '231212223', 'info@motoexpert.pl', '1011121314', 'ul. Ekspertów 6, Rzeszów'), ('11', 'DriveTech', '232323334', 'contact@drivetech.pl', '1213141516', 'ul. Napędowa 11, Kielce'), ('12', 'FastCar Parts', '233434445', 'sales@fastcarparts.pl', '1314151617', 'ul. Turbo 7, Gliwice'), ('13', 'ProAuto', '234545556', 'biuro@proauto.pl', '1415161718', 'ul. Profesjonalna 18, Opole'), ('14', 'MotoPlus', '235656667', 'office@motoplus.pl', '1516171819', 'ul. Plusowa 5, Zielona Góra'), ('15', 'AutoSystem', '236767778', 'contact@autosystem.pl', '1617181920', 'ul. Systemowa 20, Olsztyn'), ('16', 'CarZone', '237878889', 'sales@carzone.pl', '1718192021', 'ul. Strefowa 3, Toruń'), ('17', 'MotoLogistic', '238989900', 'info@motologistic.pl', '1819202122', 'ul. Transportowa 12, Radom'), ('18', 'AutoFleet Supply', '239090011', 'office@autofleet.pl', '1920212223', 'ul. Flotowa 8, Płock'), ('19', 'GarageParts', '240101122', 'contact@garageparts.pl', '2021222324', 'ul. Garażowa 1, Siedlce'), ('20', 'MotorTrade', '241212233', 'sales@motortrade.pl', '2122232425', 'ul. Handlowa 16, Częstochowa');

INSERT INTO "public"."dostawa" ("dostawa_id", "dostawca_id", "data", "wartosc_netto") VALUES ('1', '9', '2023-12-26', '13188.15'), ('2', '13', '2024-11-26', '19641.84'), ('3', '18', '2023-12-06', '18845.51'), ('4', '4', '2023-09-25', '4392.79'), ('5', '9', '2023-02-09', '3059.65'), ('6', '14', '2023-12-20', '14842.36'), ('7', '11', '2024-03-22', '12517.97'), ('8', '17', '2023-04-29', '8318.71'), ('9', '19', '2023-07-14', '5839.73'), ('10', '14', '2023-01-02', '10878.49'), ('11', '18', '2024-11-17', '4743.67'), ('12', '14', '2023-03-13', '19028.62'), ('13', '11', '2024-09-30', '6964.4'), ('14', '4', '2023-11-04', '10635.33'), ('15', '14', '2023-12-01', '8645.61'), ('16', '10', '2024-07-21', '3418.47'), ('17', '14', '2024-11-11', '18866.91'), ('18', '6', '2024-09-22', '11813.0'), ('19', '13', '2024-07-15', '16840.78'), ('20', '10', '2023-10-21', '4993.47'), ('21', '19', '2024-09-13', '13439.41'), ('22', '15', '2024-03-28', '9401.04'), ('23', '7', '2024-06-07', '9990.54'), ('24', '6', '2024-11-05', '2611.12'), ('25', '17', '2024-11-10', '13025.88'), ('26', '11', '2023-04-06', '16550.05'), ('27', '8', '2024-11-19', '6897.97'), ('28', '7', '2023-05-31', '1464.08'), ('29', '8', '2024-05-01', '12614.21'), ('30', '3', '2024-04-11', '8874.38');